Workbook

Sheet Petunjuk
A1: Ceklist Uji Fitur InnSYnc
A3: Tujuan | B3: Memastikan setiap fitur berjalan di perangkat sungguhan sebelum dipakai harian.
A4: Cara mengisi | B4: Buka sheet "Ceklist". Kerjakan langkah di kolom Menu dengan akun yang sesuai Peran. Pilih Status: Lulus atau Gagal. Bila Gagal, tulis apa yang terjadi dan di layar mana pada kolom Catatan.
A5: Kapan Gagal | B5: Ada error, hasilnya tidak sama dengan kolom "Hasil yang seharusnya", layar membingungkan, atau terasa lebih ribet dari kertas.
A6: Perangkat | B6: Uji minimal sekali di HP dan sekali di komputer. Isi nama penguji, perangkat, dan tanggal di sheet Ceklist.
A7: Butir yang menunggu keputusan hotel | B7: Laporan tamu asing, QRIS, dan tarif pajak/service charge belum bisa lulus. Jangan ditandai Gagal; beri catatan "menunggu keputusan".
A8: Ringkasan | B8: Sheet "Ringkasan" menghitung otomatis jumlah Lulus, Gagal, dan Belum per bagian.
A9: Mengembalikan hasil | B9: Simpan berkas ini dengan nama Anda (contoh: Ceklist-Rina.xlsx) lalu kirim kembali.

Sheet Ceklist
A1: Ceklist Uji Fitur InnSYnc
A2: Penguji | D2: Perangkat | G2: Tanggal
A4: No | B4: Bagian | C4: Fitur | D4: Menu / langkah | E4: Peran | F4: Hasil yang seharusnya | G4: Status | H4: Catatan
A5: 1 | B5: Masuk, akun, dan kata sandi | C5: Masuk dengan email dan kata sandi | D5: Halaman /login | E5: Semua | F5: Masuk berhasil dan menu hanya menampilkan departemen yang boleh dibuka perannya. | G5: Belum
A6: 2 | B6: Masuk, akun, dan kata sandi | C6: Lupa kata sandi | D6: Login → Lupa kata sandi? | E6: Semua | F6: Tautan datang lewat email, berlaku sekali, dan kata sandi baru bisa dipakai masuk. Sesi lain berakhir. | G6: Belum
A7: 3 | B7: Masuk, akun, dan kata sandi | C7: Ganti kata sandi setelah direset admin | D7: Akun baru atau yang direset admin | E7: Akun baru | F7: Diarahkan ke halaman keamanan dan tidak bisa membuka menu lain sebelum mengganti. | G7: Belum
A8: 4 | B8: Masuk, akun, dan kata sandi | C8: Verifikasi dua langkah | D8: Keamanan akun | E8: Peran yang wajib | F8: Pasang di aplikasi autentikator, lalu masuk dengan kode. | G8: Belum
A9: 5 | B9: Masuk, akun, dan kata sandi | C9: Keluar dan daftar sesi perangkat | D9: Keamanan akun | E9: Semua | F9: Sesi perangkat lain bisa diakhiri dari daftar. | G9: Belum
A10: 6 | B10: Masuk, akun, dan kata sandi | C10: Ganti bahasa Indonesia dan Inggris | D10: Tombol bahasa di header | E10: Semua | F10: Semua teks berubah, tidak ada teks mentah seperti kode. | G10: Belum
A11: 7 | B11: Masuk, akun, dan kata sandi | C11: Menu di HP | D11: Tombol menu di kiri atas | E11: Semua | F11: Menu terbuka sebagai laci, bisa digulir, dan modul bisa dibuka satu per satu. | G11: Belum
A12: 8 | B12: Setup awal properti | C12: Daftar langkah pertama (Setup) | D12: Pengaturan properti → Setup awal | E12: Administrator | F12: Daftar langkah tampil, tiap langkah menunjukkan sudah atau belum, dan tautannya benar. | G12: Belum
A13: 9 | B13: Setup awal properti | C13: Pilih profil: hotel, resor kecil, villa | D13: Setup → Cara properti bekerja | E13: Administrator | F13: Departemen yang tidak dipakai hilang dari menu dan daftar langkah. | G13: Belum
A14: 10 | B14: Setup awal properti | C14: Impor kamar dari CSV | D14: Properti → Kamar → Impor dari berkas | E14: Administrator | F14: Periksa berkas tidak mengubah apa pun. Berkas salah menampilkan nomor baris. Impor benar menambah kamar. | G14: Belum
A15: 11 | B15: Setup awal properti | C15: Pengaturan: zona waktu, mata uang, tanggal bisnis | D15: Properti → Pengaturan | E15: Administrator | F15: Tersimpan dan tampil di header. | G15: Belum
A16: 12 | B16: Setup awal properti | C16: Tarif dan pajak | D16: Properti → Tarif, Pajak | E16: Administrator | F16: Tarif kamar tersimpan. Tarif pajak dan service charge diisi sesuai keputusan Finance. | G16: Belum
... A95: 91 | B95: Tanpa sinyal dan privasi | C95: Pengendalian akses | D95: Coba buka halaman yang bukan hak peran | E95: Semua | F95: Ditolak. Menu juga tidak menawarkan halaman itu. | G95: Belum

Sheet Ringkasan
A1: Ringkasan Hasil Uji
A3: Bagian | B3: Jumlah butir | C3: Lulus | D3: Gagal | E3: Belum | F3: % selesai
A4: Masuk, akun, dan kata sandi | B4: =COUNTIF(Ceklist!$B$5:$B$95,A4) | C4: =COUNTIFS(Ceklist!$B$5:$B$95,A4,Ceklist!$G$5:$G$95,"Lulus") | D4: =COUNTIFS(Ceklist!$B$5:$B$95,A4,Ceklist!$G$5:$G$95,"Gagal") | E4: =B4-C4-D4 | F4: =IF(B4=0,0,(C4+D4)/B4)
A5: Setup awal properti | B5: =COUNTIF(Ceklist!$B$5:$B$95,A5) | C5: =COUNTIFS(Ceklist!$B$5:$B$95,A5,Ceklist!$G$5:$G$95,"Lulus") | D5: =COUNTIFS(Ceklist!$B$5:$B$95,A5,Ceklist!$G$5:$G$95,"Gagal") | E5: =B5-C5-D5 | F5: =IF(B5=0,0,(C5+D5)/B5)
A6: Pengguna, peran, dan persetujuan | B6: =COUNTIF(Ceklist!$B$5:$B$95,A6) | C6: =COUNTIFS(Ceklist!$B$5:$B$95,A6,Ceklist!$G$5:$G$95,"Lulus") | D6: =COUNTIFS(Ceklist!$B$5:$B$95,A6,Ceklist!$G$5:$G$95,"Gagal") | E6: =B6-C6-D6 | F6: =IF(B6=0,0,(C6+D6)/B6)
A7: Front Office | B7: =COUNTIF(Ceklist!$B$5:$B$95,A7) | C7: =COUNTIFS(Ceklist!$B$5:$B$95,A7,Ceklist!$G$5:$G$95,"Lulus") | D7: =COUNTIFS(Ceklist!$B$5:$B$95,A7,Ceklist!$G$5:$G$95,"Gagal") | E7: =B7-C7-D7 | F7: =IF(B7=0,0,(C7+D7)/B7)
A8: Housekeeping dan Binatu | B8: =COUNTIF(Ceklist!$B$5:$B$95,A8) | C8: =COUNTIFS(Ceklist!$B$5:$B$95,A8,Ceklist!$G$5:$G$95,"Lulus") | D8: =COUNTIFS(Ceklist!$B$5:$B$95,A8,Ceklist!$G$5:$G$95,"Gagal") | E8: =B8-C8-D8 | F8: =IF(B8=0,0,(C8+D8)/B8)
A9: F&B dan Dapur | B9: =COUNTIF(Ceklist!$B$5:$B$95,A9) | C9: =COUNTIFS(Ceklist!$B$5:$B$95,A9,Ceklist!$G$5:$G$95,"Lulus") | D9: =COUNTIFS(Ceklist!$B$5:$B$95,A9,Ceklist!$G$5:$G$95,"Gagal") | E9: =B9-C9-D9 | F9: =IF(B9=0,0,(C9+D9)/B9)
A10: Stok dan Pembelian | B10: =COUNTIF(Ceklist!$B$5:$B$95,A10) | C10: =COUNTIFS(Ceklist!$B$5:$B$95,A10,Ceklist!$G$5:$G$95,"Lulus") | D10: =COUNTIFS(Ceklist!$B$5:$B$95,A10,Ceklist!$G$5:$G$95,"Gagal") | E10: =B10-C10-D10 | F10: =IF(B10=0,0,(C10+D10)/B10)
A11: SDM dan Absensi | B11: =COUNTIF(Ceklist!$B$5:$B$95,A11) | C11: =COUNTIFS(Ceklist!$B$5:$B$95,A11,Ceklist!$G$5:$G$95,"Lulus") | D11: =COUNTIFS(Ceklist!$B$5:$B$95,A11,Ceklist!$G$5:$G$95,"Gagal") | E11: =B11-C11-D11 | F11: =IF(B11=0,0,(C11+D11)/B11)
A12: Perawatan | B12: =COUNTIF(Ceklist!$B$5:$B$95,A12) | C12: =COUNTIFS(Ceklist!$B$5:$B$95,A12,Ceklist!$G$5:$G$95,"Lulus") | D12: =COUNTIFS(Ceklist!$B$5:$B$95,A12,Ceklist!$G$5:$G$95,"Gagal") | E12: =B12-C12-D12 | F12: =IF(B12=0,0,(C12+D12)/B12)
A13: Keuangan | B13: =COUNTIF(Ceklist!$B$5:$B$95,A13) | C13: =COUNTIFS(Ceklist!$B$5:$B$95,A13,Ceklist!$G$5:$G$95,"Lulus") | D13: =COUNTIFS(Ceklist!$B$5:$B$95,A13,Ceklist!$G$5:$G$95,"Gagal") | E13: =B13-C13-D13 | F13: =IF(B13=0,0,(C13+D13)/B13)
A14: Laporan dan dasbor | B14: =COUNTIF(Ceklist!$B$5:$B$95,A14) | C14: =COUNTIFS(Ceklist!$B$5:$B$95,A14,Ceklist!$G$5:$G$95,"Lulus") | D14: =COUNTIFS(Ceklist!$B$5:$B$95,A14,Ceklist!$G$5:$G$95,"Gagal") | E14: =B14-C14-D14 | F14: =IF(B14=0,0,(C14+D14)/B14)
A15: Tanpa sinyal dan privasi | B15: =COUNTIF(Ceklist!$B$5:$B$95,A15) | C15: =COUNTIFS(Ceklist!$B$5:$B$95,A15,Ceklist!$G$5:$G$95,"Lulus") | D15: =COUNTIFS(Ceklist!$B$5:$B$95,A15,Ceklist!$G$5:$G$95,"Gagal") | E15: =B15-C15-D15 | F15: =IF(B15=0,0,(C15+D15)/B15)
A16: Total | B16: =SUM(B4:B15) | C16: =SUM(C4:C15) | D16: =SUM(D4:D15) | E16: =SUM(E4:E15) | F16: =IF(B16=0,0,(C16+D16)/B16)
